3|5|Logan|Jared Bell|Lowery, Mechelle S.|Nulla facilisi.|Hayes
8|4|Cooper|Belle Kinney|Henson, Serena G.|Vivamus sit amet risus. Donec egestas. Aliquam nec|Phyllis
9|5|Joel|Joshua Richard|Rosales, Aquila O.|Nulla|Kasimir
6|4|Cedric|Hilel Preston|Howe, Louis N.|fringilla mi lacinia mattis. Integer|Anastasia
4|2|Kato|Jarrod Mcgowan|Durham, Portia D.|nec quam. Curabitur vel lectus. Cum sociis natoque penatibus|Kermit
2|3|Macaulay|Iola Bowman|West, Brenden N.|id, ante. Nunc mauris sapien,|Eric
1|7|Keaton|Ashton Joseph|Greer, Thane Y.|penatibus et magnis dis|Idola
1|7|Stone|Gray Kelly|Hampton, Haley J.|volutpat nunc sit amet metus. Aliquam erat volutpat.|Tarik
7|6|Cade|Kay Vargas|Walker, Joshua H.|Aliquam gravida mauris ut mi.|Andrew
5|4|Wade|Phelan Noble|Kirk, Helen M.|dictum eleifend,|Leigh
9|5|Xenos|Wylie Mcmillan|Alexander, Cailin V.|eu erat semper|Ann
5|5|Aristotle|Lars Schroeder|Bonner, Zahir S.|eget ipsum. Suspendisse sagittis. Nullam vitae diam. Proin dolor.|Colorado
7|2|Logan|Chantale Mayer|Sutton, Alyssa A.|eu, ligula.|Wang
5|8|Michael|Xandra Underwood|Landry, Leandra V.|lacinia orci, consectetuer euismod est arcu ac orci. Ut|Carter
5|7|Brandon|Xanthus Fleming|Fox, Sheila D.|natoque penatibus et magnis dis parturient montes, nascetur ridiculus|Jolie
5|10|Barclay|Remedios Horton|Clements, Finn U.|vitae, aliquet nec, imperdiet nec,|Quinn
4|8|Merrill|Dalton Guthrie|Avery, Moses W.|pede blandit congue. In scelerisque scelerisque dui. Suspendisse ac metus|Guinevere
10|7|Leroy|Yvette Newman|Hammond, Danielle D.|Morbi quis urna. Nunc quis arcu vel quam dignissim pharetra.|Sybill
2|4|Lars|Lionel Logan|Allen, Ashton G.|eget metus.|Rashad
3|9|Hunter|Giacomo Morrow|Osborn, Fletcher K.|a, enim. Suspendisse aliquet, sem ut|Malachi
8|10|Beau|Galena Cain|Booker, Evan B.|mauris sit amet lorem|Vaughan
8|2|Lane|Phillip Webb|Cochran, Odessa X.|Aenean eget metus. In|Austin
1|6|Caesar|Drew Wallace|Miles, Illana F.|Vivamus nibh dolor, nonummy ac, feugiat non,|Berk
8|4|Forrest|Sydnee Lynch|Hebert, Richard U.|tincidunt congue turpis. In condimentum. Donec at arcu. Vestibulum|Sonia
10|4|Rashad|Calvin Maxwell|Mooney, Hope L.|sollicitudin a, malesuada id, erat.|Aretha
9|1|Adam|Giselle Burke|Sears, Gannon I.|et, lacinia vitae, sodales at, velit. Pellentesque ultricies dignissim|Garrison
7|9|Cain|Brett Cantu|Underwood, Kitra S.|venenatis vel, faucibus id,|Edward
7|6|Adrian|Hyacinth Daugherty|Green, Ginger E.|convallis convallis dolor. Quisque tincidunt pede ac|Kai
7|3|Thomas|Alana Salas|Prince, Barrett R.|placerat, augue. Sed molestie. Sed id risus quis|Sebastian
8|2|Wang|Kaden Vazquez|Cannon, Amela U.|egestas a, scelerisque sed, sapien. Nunc pulvinar arcu|Delilah
8|6|Kuame|Hiram Schroeder|Thornton, Trevor D.|id magna et|Winifred
5|9|Marsden|Chancellor Cross|Hester, Porter G.|habitant morbi|Lois
6|2|Stone|Fletcher Greer|Sheppard, Dante J.|ipsum|Philip
2|3|Ferdinand|Jonah Gentry|Daugherty, Brendan L.|tellus|Vernon
2|8|Rashad|Gannon Martin|Benson, Sophia V.|primis in faucibus orci luctus|Philip
2|10|Kato|Julian Mullins|Byers, Maris W.|Phasellus in felis. Nulla tempor augue ac ipsum.|Ishmael
7|4|Neville|Kamal Simpson|Lara, Cadman A.|Phasellus|Rina
4|7|Travis|Dorian Stokes|Benjamin, Christen X.|blandit mattis.|Gannon
2|2|Gage|Kaseem Kim|Wright, Ezra J.|ac|Merrill
1|1|Lionel|Thomas Gilliam|Bridges, Bryar I.|tincidunt, neque|Ray
10|3|Wing|Bruno Pitts|Copeland, Charde E.|diam at pretium aliquet, metus urna convallis|Thane
9|2|Neil|Fleur Fry|Hawkins, Regina B.|eu lacus.|Sonya
5|10|Aristotle|Sebastian Farmer|Hardy, Jaquelyn Z.|amet metus. Aliquam erat volutpat. Nulla|Amaya
9|1|Shad|Colorado Franks|Miranda, Fleur W.|sagittis lobortis mauris.|Sawyer
5|4|Wang|Wylie Snider|Cooley, Germane I.|iaculis aliquet|Darius
8|4|Magee|Jolie Hampton|Monroe, Gavin L.|dolor dapibus gravida.|Zahir
9|3|Jasper|Stone Holcomb|Garner, Damian R.|tempus mauris erat eget ipsum. Suspendisse sagittis. Nullam vitae|Nathan
2|10|Orson|Justina Noble|Maxwell, Marny T.|Curae; Donec tincidunt. Donec vitae erat vel|Lara
9|10|Devin|Odysseus Sanford|Robertson, Irma O.|vitae, posuere at, velit. Cras lorem lorem,|Eugenia
5|2|Kenneth|Zeph Patel|Schmidt, Marvin J.|quam dignissim pharetra. Nam ac nulla. In tincidunt|Hunter
10|3|Leo|Renee Harrington|Parks, Martena K.|scelerisque, lorem ipsum sodales purus,|Renee
8|5|Colorado|Quemby Pickett|Burton, Shannon U.|non leo. Vivamus nibh dolor, nonummy ac, feugiat non,|Brianna
6|4|Hashim|Robert Brewer|Vega, Amy P.|ultrices iaculis odio. Nam interdum enim non nisi.|Cassady
7|9|Rudyard|Herman English|Terrell, Morgan D.|elit, pharetra ut,|Madeson
9|3|Nolan|Olivia Haney|Burris, Zephania M.|Mauris blandit enim consequat purus. Maecenas libero est, congue|Aaron
8|6|Barclay|Brenda Mendoza|Mcdonald, Silas A.|dictum augue malesuada malesuada. Integer id magna et ipsum|Hilda
1|8|Yuli|Claire Short|Castro, Harding H.|Vivamus nibh dolor, nonummy ac, feugiat|Xaviera
9|6|Ivor|Breanna Ramsey|Sherman, Gage G.|tristique aliquet.|Stuart
7|8|Zachery|Hiroko Mcdaniel|Watkins, Zena T.|convallis erat, eget|Chantale
4|5|Tad|Yetta Wynn|Orr, Florence Q.|et, eros.|Emerald
3|6|Ferris|Shellie Gregory|Gomez, Conan A.|at, velit. Pellentesque ultricies dignissim|Amal
8|1|Kennan|Isadora Boyle|Parrish, Aristotle S.|convallis ligula. Donec luctus|Ashely
10|7|Damian|Graham Scott|Snider, Rogan L.|tellus id nunc interdum feugiat. Sed|Raja
5|6|Wayne|Wyatt Serrano|Roach, Melodie P.|odio.|Keaton
2|6|Gary|Veronica Meyers|Woods, Camden T.|at pretium aliquet, metus urna convallis|Peter
3|3|Herrod|Lewis Potter|Owen, Daria G.|Nam consequat dolor vitae dolor. Donec fringilla. Donec|Colt
2|4|Chester|Wynne Hardy|Winters, Camden S.|commodo|Craig
7|9|Mannix|Whilemina Ruiz|Savage, Hedy D.|turpis non enim. Mauris quis turpis vitae|Tucker
10|5|Eaton|Brett Serrano|Roberts, Quinn N.|euismod enim. Etiam gravida molestie arcu. Sed eu nibh|Geoffrey
1|2|Vincent|Ginger Phelps|Smith, Nola N.|aliquet molestie tellus.|Lavinia
9|1|Dieter|Evangeline Keith|Gutierrez, Quin Y.|Quisque imperdiet, erat nonummy ultricies ornare, elit elit|Shad
8|5|Troy|Sara House|Mann, Sonia K.|nibh.|Talon
9|8|Trevor|Ursula Aguilar|Hanson, Tallulah Q.|cursus. Integer|Trevor
1|9|Odysseus|Jelani Barnett|Pennington, Walker D.|turpis. In condimentum. Donec at arcu. Vestibulum|Declan
8|9|Theodore|Zachery Romero|Levy, Liberty U.|egestas. Duis|Kimberley
9|3|Allistair|Isaac Frye|Norris, Hedy W.|Proin ultrices. Duis volutpat nunc|Sydnee
4|10|Derek|Nevada Burks|Spencer, Shannon K.|eleifend|Aphrodite
8|2|Ali|Daria Mcfadden|Cox, Aquila Z.|sit|Shana
4|2|Nolan|Charde Walton|Solis, Leandra B.|ornare tortor at|Wing
4|4|Damon|Reece Marshall|Raymond, Xavier G.|Nunc mauris elit, dictum eu,|Lev
6|6|Silas|Aimee Talley|Miranda, Cadman C.|lorem semper auctor. Mauris|Palmer
7|10|Thaddeus|Molly Johnson|Dawson, Michael X.|lectus ante dictum mi, ac mattis velit|Medge
3|8|Macon|Jamal Davenport|Nelson, Ross Q.|aliquam iaculis, lacus pede|Hillary
9|1|Emerson|Marshall Chase|Gentry, Declan B.|Donec fringilla. Donec feugiat metus|Vladimir
7|10|Brady|Kaseem Kline|Donovan, Ivana O.|vulputate velit eu sem.|Charity
9|3|Orson|Leslie Kidd|Cardenas, Raya A.|ac sem ut dolor dapibus|Brian
1|3|Ray|Freya Alvarez|Wong, Cameron O.|nisi. Cum sociis natoque penatibus et magnis dis parturient|Destiny
8|4|Chaim|Laurel Conway|Aguilar, Remedios G.|eget tincidunt dui augue eu tellus. Phasellus elit pede,|Xandra
3|10|Malcolm|Shaine Gould|Sears, Clark O.|ipsum porta elit, a feugiat tellus lorem|Herrod
10|9|Prescott|Kennedy Price|Livingston, Walker N.|lectus, a sollicitudin orci sem eget massa. Suspendisse|Kiona
7|4|Davis|Megan Atkins|Graham, Illana B.|vitae,|Herman
2|3|Thomas|Keefe Stein|Leach, Cleo C.|eu, eleifend nec, malesuada ut,|Mary
9|3|Zachery|Tiger Church|Berry, Logan L.|Nam porttitor scelerisque neque. Nullam nisl. Maecenas|Garrison
6|10|Emery|Cooper Decker|Holmes, Amos M.|semper auctor. Mauris|Shana
8|6|Nolan|Marah Bell|Higgins, Nayda Q.|id magna et ipsum cursus vestibulum. Mauris magna. Duis|Amos
2|9|Kato|Armando Torres|Clay, Cairo M.|eros. Nam consequat dolor vitae dolor. Donec|Quemby
9|7|Kasimir|Desirae Hopper|Holder, Ella Z.|dictum mi, ac mattis|Fletcher
6|10|Burke|Samuel Rodgers|Wiley, Jin C.|aliquam iaculis, lacus pede sagittis augue, eu|Melinda
2|2|Malik|Ina Reynolds|Hawkins, Alexandra J.|lacus. Etiam bibendum fermentum metus. Aenean sed pede nec|Hedley
1|6|Kenyon|Vernon Byers|Avila, Ryan K.|fermentum convallis ligula. Donec luctus aliquet odio.|Timon